{
    "loss": 0.5570226311683655,
    "accuracy": 0.931034505367279
}