{
    "loss": 0.6661190986633301,
    "accuracy": 0.9482758641242981
}