{
    "loss": 0.6431311964988708,
    "accuracy": 0.9482758641242981
}